index,input,true_label,responses,predicted_labels,disagreement,entropy,consistency,inconsistency
23,"If my family could not save sufficient funds, a trip to Europe would not be feasible. As yet, Everyone in my family has never been to Europe, thus implying that none have saved an adequate amount of money.",11,"['The statement is making a generalization that no one in the family has saved an adequate amount of money based on the fact that no one has gone to Europe. This is a faulty generalization because it assumes that the only way to save money is to go to Europe, and that everyone in the family has the same financial situation. Additionally, it is making a causal connection between not going to Europe and', 'The statement appears to be attempting to make a logical connection between the inability to save funds and the lack of a trip to Europe. However, it jumps to an unsubstantiated conclusion by implying that because no one has saved enough money, they must not have tried. This is an example of:\nFalse Dilemma\nThe statement presents a binary choice between ""sufficient funds"" and ""no trip', 'The statement is making a logical leap by assuming that the family has never saved sufficient funds because none of them have been to Europe before. This is a non-sequitur, and the statement is incorrectly assuming a cause-and-effect relationship between the two.\nThe fallacy is a fallacy of false causality. The statement is assuming that the lack of a trip to Europe is the cause of the family', 'Brief explanation: The statement is trying to make a connection between the family not having saved sufficient funds and the fact that no one in the family has been to Europe. The speaker is implying that since no one has been to Europe, they must not have saved enough money.\nFallacy: False Causality\n\nExplanation: The statement is committing the fallacy of false causality because it is assuming that', 'The statement is trying to imply that because the family has never saved enough money for a trip to Europe, it is unlikely that they have saved enough money for a trip to Europe. This is a circular reasoning fallacy because the conclusion is based on the same information used to make the premise. The statement is essentially saying ""we can\'t afford it because we can\'t afford it"" without providing any additional']","['faulty generalization', 'false dilemma', 'none', 'false causality', 'circular reasoning']",1.0,2.3219280941660148,0.74454296,0.25545704
2351,I have a right to free speech so I can say what I want and you shouldn't try to stop me.,2,"['Briefly explain:\nThe statement is claiming that having a right to free speech gives the speaker the freedom to say whatever they want, without any limits or restrictions. The speaker is also implying that anyone who tries to stop them from speaking is wrong.\nThe fallacy is:\nAd Hominem\nThis fallacy occurs when someone attacks the character of the person making an argument, rather than addressing the argument', ""The statement is an example of an intentional fallacy. The speaker is trying to justify their right to free speech by stating their own opinion, rather than providing a logical or evidence-based argument. The statement does not provide any evidence or logical reasoning to support the claim that they have a right to free speech, and instead relies on the speaker's personal opinion. This is an intentional fallacy because it is"", 'The most likely logical fallacy in this statement is the fallacy of relevance. The speaker is claiming that they have a right to free speech and therefore no one should try to stop them, but the relevance of having a right to free speech to the issue of whether someone should be stopped from speaking is not established. The speaker is trying to use a general principle (the right to free speech) to', 'The most likely logical fallacy in this statement is the fallacy of circular reasoning.\nThis is because the statement assumes that having a right to free speech means that one has the right to say anything they want, without providing any evidence or justification for this claim. The statement is essentially saying ""I have a right to free speech, therefore I can say what I want,"" which is a circular argument because', 'Briefly explain: The speaker is claiming that their right to free speech gives them the freedom to say whatever they want, and that others should not try to stop them. They are implying that their right to free speech is absolute and that any attempts to restrict their speech are unjustified.\nName the fallacy: Ad populum (appeal to popularity). The speaker is appealing to the popularity of free']","['ad hominem', 'intentional fallacy', 'fallacy of relevance', 'none', 'ad populum']",1.0,2.3219280941660148,0.74316466,0.25683534
2433,Do you support freedom and the right to bear arms ?,10,"['The statement is: ""Do you support freedom and the right to bear arms?""\nThe most likely logical fallacy in this statement is an appeal to emotion (appeal to emotion fallacy). The statement is trying to elicit an emotional response from the listener by associating the concept of freedom with the right to bear arms, rather than presenting a logical argument or evidence to support the claim.\nName of', ""The statement is trying to create a false dilemma by making the listener believe that supporting freedom and the right to bear arms is the only way to support freedom. This is a false dichotomy.\nThe fallacy is the False Dilemma. It's when someone presents only two options when there are more options available, forcing the listener to choose between them, even if neither option is necessarily the best or"", 'The statement is: ""Do you support freedom and the right to bear arms?""\nThis statement is attempting to sway the listener\'s opinion by associating the idea of supporting freedom with supporting the right to bear arms. The fallacy in this statement is the Ad Populum fallacy, which is the appeal to popularity or the masses. The statement is implying that if you don\'t support the right to bear', 'The most likely logical fallacy in this statement is the fallacy of relevance. The statement is asking if someone supports freedom and the right to bear arms, but it does not provide any logical connection between the two. The fallacy of relevance occurs when a conclusion is drawn based on a premise that is not relevant to the issue at hand. In this case, the statement is trying to link freedom with', 'The statement is: ""Do you support freedom and the right to bear arms?""\nThis statement appears to be a question, but it is actually a trick question. It is a false dilemma, as it implies that freedom and the right to bear arms are closely linked and inseparable. However, the question is actually trying to create a false dichotomy between supporting freedom and not supporting the right to bear']","['appeal to emotion', 'false dilemma', 'ad populum', 'fallacy of relevance', 'none']",1.0,2.3219280941660148,0.80803555,0.19196445
3230,"If you don't believe in God, you'll go to hell! is an example of:",7,"['This statement is an example of the fallacy of false dilemma. It presents a choice between two extreme alternatives, implying that there are only two options, when in reality there may be other options. In this case, the statement implies that either you believe in God or you will go to hell, which is a false and simplistic dichotomy. There are many people who do not believe in God but do', 'The most likely logical fallacy in this statement is the fallacy of false dilemma.\nThe fallacy of false dilemma is a type of informal fallacy in which only two options are presented, and the other possibilities are ignored. In this case, the statement implies that the only two options are to believe in God and go to hell, or to not believe in God and go to hell. This ignores', ""The most likely logical fallacy in this statement is:\nAd hominem.\nAd hominem is an attack on the person rather than the argument. The statement is not addressing the validity of the argument, but rather making a threat to the person who doesn't believe in God. It is a personal attack, rather than a logical or rational argument. It is an attempt to intimidate or shame the person into"", ""The fallacy is: Ad populum (Appeal to Popularity)\nExplanation: The statement is an appeal to popularity, as it tries to persuade by appealing to the majority's beliefs. The speaker is trying to convince the listener by saying that most people believe in God and that not believing in God will lead to hell. The speaker is not providing any logical or evidence-based argument to support their claim"", 'The most likely logical fallacy in this statement is an example of the fallacy of false causality.\nThe fallacy of false causality occurs when there is an assumption that one event is the cause of another, when in fact there is no causal relationship between the two. In this case, the statement suggests that not believing in God will lead to going to hell, implying that there is a direct']","['none', 'false dilemma', 'ad hominem', 'ad populum', 'false causality']",1.0,2.3219280941660148,0.6732708,0.32672918
879,"Every Olympic athlete trains daily. But remember, sports bring people together.",5,"['The statement is: ""Every Olympic athlete trains daily. But remember, sports bring people together.""\nThe statement is a non-sequitur, as the information about Olympic athletes training daily has no relevance to the conclusion that sports bring people together. The conclusion is not logically connected to the premise.\nThe fallacy is: Fallacy of Relevance. This fallacy occurs when the conclusion is not logically related', 'Explanation: The statement is trying to connect the fact that Olympic athletes train daily with the idea that sports bring people together. The logical fallacy is that the statement tries to use the first fact to support the second fact, which is not necessarily related.\nFallacy: False Causality (also known as Post Hoc Ergo Propter Hoc) - This fallacy occurs when we assume that', 'The most likely logical fallacy in this statement is a False Dilemma. The statement presents a false dichotomy by implying that the only two options are that Olympic athletes train daily and that sports bring people together. It does not consider any other possibilities or alternatives, and it does not provide any evidence to support the connection between the two statements. The statement is trying to force a connection between the two', 'Briefly explain: The statement is trying to make a connection between the fact that Olympic athletes train daily and the idea that sports bring people together. The second part of the statement is unrelated to the first part and seems to be an attempt to use emotional appeal to support the idea that sports bring people together.\nName the fallacy: Appeal to Emotion (Ad Populum). The statement is using emotional', 'The statement ""Every Olympic athlete trains daily"" is a generalization that is likely false. Olympic athletes have varying training regimens and may not train every day. This generalization is a fallacy of overstatement, which is a type of faulty generalization.\nThe second part of the statement, ""But remember, sports bring people together,"" is a non-sequitur that is unrelated to the initial']","['fallacy of relevance', 'false causality', 'none', 'appeal to emotion', 'faulty generalization']",1.0,2.3219280941660148,0.7439265,0.25607347
2177,"Lisa was brainwashed as a child into thinking that people are generally good.  Therefore, people are not generally good.",6,"[""Briefly explain: The statement seems to be saying that because Lisa was brainwashed, people are not generally good. The statement is implying that Lisa's beliefs are a result of her brainwashing, and that her beliefs are therefore false.\nName the fallacy: False Causality\nExplanation: The statement is committing the fallacy of false causality by implying that the cause of Lisa's beliefs"", 'The fallacy in this statement is the false dilemma. The statement presents only two options: Lisa was brainwashed, or people are not generally good. This is a false dilemma because it ignores other possibilities, such as Lisa was not brainwashed, or people are generally good. This fallacy is also known as the ""either/or"" fallacy, as it presents only two extreme options and', 'The statement is trying to argue that because Lisa was brainwashed as a child, her opinion about people being generally good is invalid. However, this does not logically follow. Just because Lisa was brainwashed does not mean that her opinion is necessarily false.\nThe most likely logical fallacy in this statement is the ad hominem fallacy. This fallacy occurs when an argument is rejected based on', ""The fallacy is that of circular reasoning. This is because the statement assumes that Lisa's brainwashing as a child is the cause of her beliefs, and then uses those beliefs as evidence for the conclusion that people are not generally good. This is a circular argument because the conclusion is being used to support the premise, rather than the other way around. This is an example of circular reasoning because the statement"", 'The statement ""Lisa was brainwashed as a child into thinking that people are generally good. Therefore, people are not generally good"" is an example of the fallacy of false causality. The statement assumes that because Lisa was brainwashed into thinking that people are generally good, people are not generally good. However, the brainwashing of Lisa does not provide any evidence that people are not generally']","['false causality', 'false dilemma', 'ad hominem', 'circular reasoning', 'none']",1.0,2.3219280941660148,0.78036857,0.21963143
2384,"My political candidate gives 10% of his income to the needy, goes to church every Sunday, and volunteers one day a week at a homeless shelter. Therefore, he is honest and morally straight.
Explanation: What information was left out of the example is that this same candidate gives 10% of his income to needy prostitutes in exchange for services, goes to the bar every Sunday after church (and sometimes before), and only works at the homeless shelter to get clients for his drug dealing business.",10,"[""The most likely logical fallacy in this statement is the ad hominem fallacy. The statement attempts to justify the candidate's character by listing his good deeds, but it does not address the issue at hand, which is the candidate's qualifications or policies. It is an ad hominem attack because it tries to discredit the opposing argument by making personal attacks on the candidate's character, rather than addressing the"", ""This statement is an example of the fallacy of false premises. The conclusion is based on the assumption that the candidate's actions are evidence of his honesty and moral character, but the example highlights the possibility that these actions could be motivated by self-interest rather than a genuine desire to help others. The candidate's actions may not necessarily reflect his moral character, and the conclusion is therefore unwarranted...."", ""The most likely logical fallacy in this statement is the appeal to emotion. The statement is trying to sway the reader's emotions by highlighting the candidate's good deeds, rather than presenting logical arguments or facts about his character or qualifications. The appeal to emotion fallacy occurs when an argument relies on emotions rather than reason or evidence to support its claims.... Read more Read less\nThe correct answer is the"", ""Answer: The fallacy is an appeal to character. The statement attempts to establish the candidate's honesty and moral character by listing his charitable actions and religious practices, without providing any evidence of his actual honesty or moral character. The conclusion is based on the candidate's actions, rather than his actual behavior or policies. The statement is trying to make a moral appeal to the audience, rather than presenting a logical"", ""The statement is an example of the fallacy of false causality. The candidate's good deeds do not necessarily make him honest and morally straight. The fallacy is that the speaker assumes that because the candidate engages in certain positive behaviors, he is honest and morally straight. There may be other factors at play that are not apparent from the given information. The fallacy of false causality occurs when a""]","['ad hominem', 'none', 'appeal to emotion', 'none', 'false causality']",0.8,1.9219280943102843,0.69689465,0.30310535
807,No reptiles produce milk because reptiles are animals that don't make milk.,2,"[""The most likely logical fallacy in this statement is the false generalization.\nExplanation: The statement is trying to make a general conclusion about all reptiles based on a single characteristic (they don't produce milk). This is a false generalization because it doesn't account for the possibility of any exceptions. Additionally, it doesn't provide any evidence to support the claim that all reptiles do not produce milk"", ""Briefly explain:\nThe statement claims that reptiles don't produce milk because they are animals that don't make milk. This implies that the characteristic of not producing milk is inherent to reptiles, and that this characteristic is the reason why no reptiles produce milk. However, this is a circular argument, as the conclusion is simply restating the premise.\nName the fallacy:\nThe fallacy is"", ""The fallacy in this statement is a faulty generalization. The statement claims that no reptiles produce milk because reptiles are animals that don't make milk. This is a faulty generalization because it is not true that all reptiles don't produce milk. Some reptiles, such as mammals, do produce milk. Additionally, the statement is based on a false assumption that reptiles do not produce"", ""The most likely logical fallacy in this statement is the fallacy of circular reasoning.\nCircular reasoning occurs when the conclusion is based on the premise, which is essentially saying the same thing. In this case, the statement is saying that reptiles don't produce milk because reptiles are animals that don't make milk. This is circular because it's defining the premise as the conclusion, rather than providing evidence"", ""The statement is an example of a false dilemma, a fallacy of relevance, and a faulty generalization.\nThe statement is a false dilemma because it presents two mutually exclusive and exhaustive options (reptiles either make milk or they don't), when in reality there may be other options or categories that don't fit into this binary classification.\nThe statement is a fallacy of relevance because it doesn't""]","['none', 'none', 'faulty generalization', 'circular reasoning', 'false dilemma']",0.8,1.9219280943102843,0.8117572,0.1882428
1516,Lahat nakamove-on na ikaw na lang hindi pa. #MarcosIsAHero,3,"[""Brief Explanation: The statement is saying that everyone should move on from the past and that only those who don't are holding on to it. The statement is making a generalization that everyone should move on, which is not necessarily true for everyone.\nFallacy: Ad Populum\nAd Populum is a fallacy where an argument is made based on the popularity of an idea or the number of people"", 'The most likely logical fallacy in this statement is an appeal to emotion.\nThe statement ""Lahat nakamove-on na ikaw na lang hindi pa"" (Everyone has moved on, you\'re the only one who hasn\'t) is an attempt to make the speaker feel guilty or left out for not sharing the same opinion as others. The phrase is meant to evoke a sense of FOMO', 'Brief explanation: The statement claims that only those who have moved on are the ones who are not supporting Marcos as a hero. This implies that everyone who supports Marcos as a hero is not willing to move on.\nName of fallacy: Appeal to Emotion.\nThe fallacy of appeal to emotion is when an argument is based solely on emotional appeal, rather than logical or factual evidence. In this case', 'The statement ""Lahat nakamove-on na ikaw na lang hindi pa. #MarcosIsAHero"" can be translated to ""Everyone has moved on, except you. #MarcosIsAHero."" This statement appears to be a form of ad hominem attack, as it is trying to discredit the person who disagrees with the statement by implying that they are the only one who has', 'The statement ""Lahat nakamove-on na ikaw na lang hindi pa"" (Everyone has moved on except you) is an attempt to guilt trip or shame the person who still opposes Ferdinand Marcos as a hero. The statement is a personal attack and an appeal to emotion, rather than a logical argument.\nThe most likely logical fallacy in this statement is an Ad Hominem fallacy.']","['ad populum', 'none', 'appeal to emotion', 'ad hominem', 'ad hominem']",0.8,1.9219280943102843,0.5849366,0.41506338
464,"Person A: I spent the day at the beach. Person B: So you're saying you have time to spend all day doing nothing, lazing around on the beach?",8,"[""This statement is trying to make a logical connection between Person A spending the day at the beach and Person B's assumption that Person A has the ability to spend all day doing nothing. The fallacy here is that Person B is making an unjustified assumption. They are committing the fallacy of:\nAppeal to emotion\nThe fallacy is that Person B is trying to elicit an emotional response from"", ""Brief explanation:\nThe speaker is trying to attack Person A's character by implying that Person A is lazy and has no better use for their time. They are attempting to make a judgment about Person A's character based on a single action (spending the day at the beach) and are not considering any alternative explanations or justifications for why Person A might have chosen to spend their day that way.\nFall"", 'The statement Person B makes is an example of a false dilemma fallacy. Person B assumes that the only two possibilities are that Person A either spent the day doing something productive or wasted their time doing nothing. This ignores the possibility that Person A could have spent their time doing something else entirely, such as reading a book, taking a walk, or helping someone in need.\nFallacy: False Dile', 'The statement is: ""So you\'re saying you have time to spend all day doing nothing, lazing around on the beach?""\nThis statement is trying to imply that Person A\'s decision to spend the day at the beach is lazy, and that Person A is saying that they have all day to do nothing. However, Person A never said that they have all day to do nothing, only that they', ""The statement is: Person B: So you're saying you have time to spend all day doing nothing, lazing around on the beach?\n\nThe statement is an attempt to discredit Person A's choice of spending the day at the beach by implying that it is a waste of time and that Person A has too much free time. The fallacy used is an Ad Hominem attack. This is because""]","['appeal to emotion', 'none', 'false dilemma', 'none', 'ad hominem']",0.8,1.9219280943102843,0.6257955,0.37420452
